Timestamp,Q0,Q1,Q2,Q3,SourceFile,Type
2025-06-14 00:00:00+00:00,1.0,0.0,0.0,0.0,attitude_2025-06-14.csv,predicted
2025-06-14 01:00:28+00:00,0.9992897835043206,0.0217556780625817,0.0217556780625817,0.0217556780625817,exported_actuals.csv,predicted
2025-06-14 02:00:56+00:00,0.9971601428322238,0.043480453642294,0.043480453642294,0.043480453642294,attitude_2025-06-14.csv,predicted
2025-06-14 03:01:24+00:00,0.99361410299558,0.0651434681511735,0.0651434681511735,0.0651434681511735,attitude_2025-06-14.csv,predicted
2025-06-14 04:01:52+00:00,0.988656700906362,0.0867139507287195,0.0867139507287195,0.0867139507287195,attitude_2025-06-14.csv,predicted
2025-06-14 05:02:20+00:00,0.9822949782220484,0.1081612619498394,0.1081612619498394,0.1081612619498394,exported_actuals.csv,predicted
2025-06-14 06:02:48+00:00,0.9745379713434222,0.1294549373460988,0.1294549373460988,0.1294549373460988,exported_actuals.csv,predicted
2025-06-14 07:03:16+00:00,0.965396698578968,0.1505647306784575,0.1505647306784575,0.1505647306784575,exported_actuals.csv,predicted
2025-06-14 08:03:44+00:00,0.9548841444941032,0.1714606569000254,0.1714606569000254,0.1714606569000254,exported_actuals.csv,predicted
2025-06-14 09:04:12+00:00,0.9430152414674736,0.1921130347478124,0.1921130347478124,0.1921130347478124,exported_actuals.csv,predicted
2025-06-14 10:04:40+00:00,0.9298068484805092,0.2124925289029737,0.2124925289029737,0.2124925289029737,exported_actuals.csv,predicted
2025-06-14 11:05:08+00:00,0.9152777271703718,0.2325701916596638,0.2325701916596638,0.2325701916596638,exported_actuals.csv,predicted
2025-06-14 12:05:36+00:00,0.8994485151803058,0.252317504043314,0.252317504043314,0.252317504043314,exported_actuals.csv,predicted
2025-06-14 13:06:04+00:00,0.8823416968452489,0.2717064163199236,0.2717064163199236,0.2717064163199236,exported_actuals.csv,predicted
2025-06-14 14:06:32+00:00,0.8639815712543414,0.2907093878388286,0.2907093878388286,0.2907093878388286,attitude_2025-06-14.csv,predicted
2025-06-14 15:07:00+00:00,0.8443942177356982,0.3092994261523496,0.3092994261523496,0.3092994261523496,exported_actuals.csv,predicted
2025-06-14 16:07:28+00:00,0.8236074588124705,0.3274501253567554,0.3274501253567554,0.3274501253567554,attitude_2025-06-14.csv,predicted
2025-06-14 17:07:56+00:00,0.8016508206828166,0.3451357036000799,0.3451357036000799,0.3451357036000799,exported_actuals.csv,predicted
2025-06-14 18:08:24+00:00,0.7785554912799147,0.362331039703515,0.362331039703515,0.362331039703515,exported_actuals.csv,predicted
2025-06-14 19:08:52+00:00,0.7543542759715953,0.3790117088443619,0.3790117088443619,0.3790117088443619,attitude_2025-06-14.csv,predicted
2025-06-14 20:09:20+00:00,0.7290815509625134,0.395154017249855,0.395154017249855,0.395154017249855,attitude_2025-06-14.csv,predicted
2025-06-14 21:09:48+00:00,0.702773214465053,0.4107350358525784,0.4107350358525784,0.4107350358525784,exported_actuals.csv,predicted
2025-06-14 22:10:16+00:00,0.6754666357083233,0.4257326328596698,0.4257326328596698,0.4257326328596698,attitude_2025-06-14.csv,predicted
2025-06-14 23:10:44+00:00,0.6472006018576714,0.4401255051895493,0.4401255051895493,0.4401255051895493,exported_actuals.csv,predicted
2025-06-15 00:05:36+00:00,0.6207557340897442,0.4526449375963102,0.4526449375963102,0.4526449375963102,attitude_2025-06-14.csv,predicted
2025-06-15 00:35:50+00:00,0.6058714868331105,0.4593182416882061,0.4593182416882061,0.4593182416882061,attitude_2025-06-14.csv,predicted
2025-06-15 01:06:04+00:00,0.5907720705105981,0.4658284236013016,0.4658284236013016,0.4658284236013016,attitude_2025-06-14.csv,predicted
2025-06-15 01:36:18+00:00,0.9981989230098918,0.0346357719797134,0.0346357719797134,0.0346357719797134,attitude_2025-06-15 .csv,predicted
2025-06-15 02:06:32+00:00,0.9968911851399284,0.0454897973554103,0.0454897973554103,0.0454897973554103,exported_actuals.csv,predicted
2025-06-15 02:36:46+00:00,0.5442368018041243,0.4843574105836922,0.4843574105836922,0.4843574105836922,attitude_2025-06-14.csv,predicted
2025-06-15 03:07:00+00:00,0.9932141924166557,0.0671455334382732,0.0671455334382732,0.0671455334382732,attitude_2025-06-15 .csv,predicted
2025-06-15 03:37:14+00:00,0.9908462434097288,0.0779395533321148,0.0779395533321148,0.0779395533321148,exported_actuals.csv,predicted
2025-06-15 04:07:28+00:00,0.4959624236848812,0.5013386328263624,0.5013386328263624,0.5013386328263624,attitude_2025-06-14.csv,predicted
2025-06-15 04:37:42+00:00,0.9850556445710724,0.099440731256813,0.099440731256813,0.099440731256813,attitude_2025-06-15 .csv,predicted
2025-06-15 05:07:56+00:00,0.9816350512113342,0.1101402533640952,0.1101402533640952,0.1101402533640952,exported_actuals.csv,predicted
2025-06-15 05:38:10+00:00,0.9778658401965432,0.1208006602861491,0.1208006602861491,0.1208006602861491,attitude_2025-06-15 .csv,predicted
2025-06-15 06:08:24+00:00,0.9737493501234654,0.1314181660884175,0.1314181660884175,0.1314181660884175,attitude_2025-06-15 .csv,predicted
2025-06-15 06:38:38+00:00,0.9692870429214758,0.141989000072237,0.141989000072237,0.141989000072237,attitude_2025-06-15 .csv,predicted
2025-06-15 07:08:52+00:00,0.3948184469477357,0.5304458483042913,0.5304458483042913,0.5304458483042913,attitude_2025-06-14.csv,predicted
2025-06-15 07:39:06+00:00,0.9593314383525462,0.1629756539982121,0.1629756539982121,0.1629756539982121,attitude_2025-06-15 .csv,predicted
2025-06-15 08:09:20+00:00,0.9538416766168116,0.1733840207447325,0.1733840207447325,0.1733840207447325,attitude_2025-06-15 .csv,predicted
2025-06-15 08:39:34+00:00,0.9480131677589329,0.1837308119284599,0.1837308119284599,0.1837308119284599,attitude_2025-06-15 .csv,predicted
2025-06-15 09:09:48+00:00,0.9418479817142568,0.194012352992261,0.194012352992261,0.194012352992261,attitude_2025-06-15 .csv,predicted
2025-06-15 09:40:02+00:00,0.9353483079855922,0.2042249925519154,0.2042249925519154,0.2042249925519154,exported_actuals.csv,predicted
2025-06-15 10:10:16+00:00,0.9285164548656302,0.214365103692868,0.214365103692868,0.214365103692868,attitude_2025-06-15 .csv,predicted
2025-06-15 10:40:30+00:00,0.2705383735137124,0.5558204111810922,0.5558204111810922,0.5558204111810922,exported_actuals.csv,predicted
2025-06-15 11:10:44+00:00,0.9138660326114928,0.2344133631279937,0.2344133631279937,0.2344133631279937,exported_actuals.csv,predicted
2025-06-15 11:40:58+00:00,0.9060526664250378,0.2443143914877435,0.2443143914877435,0.2443143914877435,exported_actuals.csv,predicted
2025-06-15 12:11:12+00:00,0.8979175248949519,0.254128654088517,0.254128654088517,0.254128654088517,attitude_2025-06-15 .csv,predicted
2025-06-15 12:41:26+00:00,0.19726811230913,0.5660050918104278,0.5660050918104278,0.5660050918104278,exported_actuals.csv,predicted
2025-06-15 13:11:40+00:00,0.880693585502531,0.2734829723247233,0.2734829723247233,0.2734829723247233,exported_actuals.csv,predicted
2025-06-15 13:41:54+00:00,0.8716109045462236,0.2830161544718569,0.2830161544718569,0.2830161544718569,attitude_2025-06-15 .csv,predicted
2025-06-15 14:12:08+00:00,0.1415571163530946,0.5715364038594556,0.5715364038594556,0.5715364038594556,exported_actuals.csv,predicted
2025-06-15 14:42:22+00:00,0.8525202470744019,0.3017776379655505,0.3017776379655505,0.3017776379655505,attitude_2025-06-15 .csv,predicted
2025-06-15 15:12:36+00:00,0.1041540941437441,0.5742101603283987,0.5742101603283987,0.5742101603283987,exported_actuals.csv,predicted
2025-06-15 15:42:50+00:00,0.8322186417178343,0.3201104665462236,0.3201104665462236,0.3201104665462236,attitude_2025-06-15 .csv,predicted
2025-06-15 16:13:04+00:00,0.0666031280228862,0.5760682897416378,0.5760682897416378,0.5760682897416378,attitude_2025-06-14.csv,predicted
2025-06-15 16:43:18+00:00,0.810734925546547,0.3379885996593351,0.3379885996593351,0.3379885996593351,exported_actuals.csv,predicted
2025-06-15 17:13:32+00:00,0.0289575566216573,0.5771081527508524,0.5771081527508524,0.5771081527508524,attitude_2025-06-14.csv,predicted
2025-06-15 17:43:46+00:00,0.0101160010838496,0.5773207273033109,0.5773207273033109,0.5773207273033109,attitude_2025-06-14.csv,predicted
2025-06-15 18:14:00+00:00,-0.0087291470483464,0.5773282723003174,0.5773282723003174,0.5773282723003174,attitude_2025-06-14.csv,predicted
2025-06-15 18:44:14+00:00,-0.0275711951131895,0.5771307850623434,0.5771307850623434,0.5771307850623434,attitude_2025-06-14.csv,predicted
2025-06-15 19:14:28+00:00,0.7520581770482355,0.3805296739786465,0.3805296739786465,0.3805296739786465,attitude_2025-06-15 .csv,predicted
2025-06-15 19:44:42+00:00,-0.0652192282750787,0.5761210672139445,0.5761210672139445,0.5761210672139445,attitude_2025-06-14.csv,predicted
2025-06-15 20:14:56+00:00,-0.0840118430579514,0.5753091951944932,0.5753091951944932,0.5753091951944932,exported_actuals.csv,predicted
2025-06-15 20:45:10+00:00,-0.102774621893455,0.5742930079946581,0.5742930079946581,0.5742930079946581,attitude_2025-06-14.csv,predicted
2025-06-15 21:15:24+00:00,0.700285630696723,0.4121488547599006,0.4121488547599006,0.4121488547599006,attitude_2025-06-15 .csv,predicted
2025-06-15 21:45:38+00:00,0.6867090256421611,0.4196946167955909,0.4196946167955909,0.4196946167955909,attitude_2025-06-15 .csv,predicted
2025-06-15 22:15:52+00:00,0.6728885428960605,0.4270913285778647,0.4270913285778647,0.4270913285778647,attitude_2025-06-15 .csv,predicted
2025-06-15 22:46:06+00:00,0.6588290906616077,0.4343363632401349,0.4343363632401349,0.4343363632401349,exported_actuals.csv,predicted
2025-06-15 23:16:20+00:00,-0.1959082607837211,0.5661625071057182,0.5661625071057182,0.5661625071057182,attitude_2025-06-14.csv,predicted
2025-06-15 23:46:34+00:00,0.6300133331050115,0.4483611639849857,0.4483611639849857,0.4483611639849857,attitude_2025-06-15 .csv,predicted
2025-06-16 00:11:12+00:00,0.9999756306248088,0.0040306391766193,0.0040306391766193,0.0040306391766193,attitude_2025-06-16.csv,predicted
2025-06-16 00:31:21+00:00,0.9998090712263948,0.0112815645104986,0.0112815645104986,0.0112815645104986,exported_actuals.csv,predicted
2025-06-16 00:51:30+00:00,-0.2537005736913562,0.5584609860765198,0.5584609860765198,0.5584609860765198,attitude_2025-06-14.csv,predicted
2025-06-16 01:11:40+00:00,-0.2658394828852718,0.5565756520424069,0.5565756520424069,0.5565756520424069,attitude_2025-06-14.csv,predicted
2025-06-16 01:31:49+00:00,0.998362676074882,0.0330250764349365,0.0330250764349365,0.0330250764349365,attitude_2025-06-16.csv,predicted
2025-06-16 01:51:58+00:00,0.5674489963615229,0.4753951467037011,0.4753951467037011,0.4753951467037011,attitude_2025-06-15 .csv,predicted
2025-06-16 02:12:08+00:00,0.9966100806029738,0.0474985867878685,0.0474985867878685,0.0474985867878685,attitude_2025-06-16.csv,predicted
2025-06-16 02:32:17+00:00,0.9954981736409312,0.054721678451264,0.054721678451264,0.054721678451264,attitude_2025-06-16.csv,predicted
2025-06-16 02:52:26+00:00,0.5360183534312517,0.4874027509103226,0.4874027509103226,0.4874027509103226,attitude_2025-06-15 .csv,predicted
2025-06-16 03:12:36+00:00,0.9928021797962158,0.0691467805755323,0.0691467805755323,0.0691467805755323,exported_actuals.csv,predicted
2025-06-16 03:32:45+00:00,0.5146358333610523,0.4950252380841389,0.4950252380841389,0.4950252380841389,exported_actuals.csv,predicted
2025-06-16 03:52:54+00:00,-0.3612207243382472,0.538367776496251,0.538367776496251,0.538367776496251,exported_actuals.csv,predicted
2025-06-16 04:13:04+00:00,0.492928310934241,0.5023351073667578,0.5023351073667578,0.5023351073667578,attitude_2025-06-15 .csv,predicted
2025-06-16 04:33:13+00:00,0.4819615013650974,0.5058699145043454,0.5058699145043454,0.5058699145043454,attitude_2025-06-15 .csv,predicted
2025-06-16 04:53:22+00:00,0.4709186597199516,0.5093249178823425,0.5093249178823425,0.5093249178823425,exported_actuals.csv,predicted
2025-06-16 05:13:32+00:00,-0.4076126071240367,0.5272102561323915,0.5272102561323915,0.5272102561323915,attitude_2025-06-14.csv,predicted
2025-06-16 05:33:41+00:00,0.978446745083866,0.1192224350178947,0.1192224350178947,0.1192224350178947,exported_actuals.csv,predicted
2025-06-16 05:53:50+00:00,0.9757759715677864,0.1263081592916602,0.1263081592916602,0.1263081592916602,attitude_2025-06-16.csv,predicted
2025-06-16 06:14:00+00:00,-0.4417325637377333,0.5179679340569547,0.5179679340569547,0.5179679340569547,attitude_2025-06-14.csv,predicted
2025-06-16 06:34:09+00:00,0.9699705413231045,0.1404245336653155,0.1404245336653155,0.1404245336653155,attitude_2025-06-16.csv,predicted
2025-06-16 06:54:18+00:00,-0.4641274383021657,0.5113986445735751,0.5113986445735751,0.5113986445735751,attitude_2025-06-14.csv,predicted
2025-06-16 07:14:28+00:00,0.9635525561583426,0.1544522272643163,0.1544522272643163,0.1544522272643163,attitude_2025-06-16.csv,predicted
2025-06-16 07:34:37+00:00,-0.4862385279016614,0.5045037475856927,0.5045037475856927,0.5045037475856927,attitude_2025-06-14.csv,predicted
2025-06-16 07:54:46+00:00,-0.4971752801583364,0.500938033692618,0.500938033692618,0.500938033692618,attitude_2025-06-14.csv,predicted
2025-06-16 08:14:56+00:00,0.9527875864412714,0.1753052719528774,0.1753052719528774,0.1753052719528774,attitude_2025-06-16.csv,predicted
2025-06-16 08:35:05+00:00,-0.518820656619832,0.493566991827373,0.493566991827373,0.493566991827373,attitude_2025-06-14.csv,predicted
2025-06-16 08:55:14+00:00,0.944860312057818,0.1890669993221123,0.1890669993221123,0.1890669993221123,exported_actuals.csv,predicted
2025-06-16 09:15:24+00:00,0.3212014070506915,0.54675700151245,0.54675700151245,0.54675700151245,attitude_2025-06-15 .csv,predicted
2025-06-16 09:35:33+00:00,-0.5506658353607409,0.481929157230416,0.481929157230416,0.481929157230416,attitude_2025-06-14.csv,predicted
2025-06-16 09:55:42+00:00,-0.5611064122302385,0.4778980345060055,0.4778980345060055,0.4778980345060055,attitude_2025-06-14.csv,predicted
2025-06-16 10:15:52+00:00,0.2852880766028668,0.5533566400758909,0.5533566400758909,0.5533566400758909,attitude_2025-06-15 .csv,predicted
2025-06-16 10:36:01+00:00,-0.5817288301818891,0.4696067745590314,0.4696067745590314,0.4696067745590314,attitude_2025-06-14.csv,predicted
2025-06-16 10:56:10+00:00,0.9175148870301352,0.2296130310457709,0.2296130310457709,0.2296130310457709,attitude_2025-06-16.csv,predicted
2025-06-16 11:16:20+00:00,0.2489695135589938,0.5591702726117803,0.5591702726117803,0.5591702726117803,exported_actuals.csv,predicted
2025-06-16 11:36:29+00:00,0.2367855399529846,0.5609315490233406,0.5609315490233406,0.5609315490233406,attitude_2025-06-15 .csv,predicted
2025-06-16 11:56:38+00:00,0.9018770912751188,0.2494111145833529,0.2494111145833529,0.2494111145833529,exported_actuals.csv,predicted
2025-06-16 12:16:48+00:00,0.8963755937317427,0.2559367076460284,0.2559367076460284,0.2559367076460284,attitude_2025-06-16.csv,predicted
2025-06-16 12:36:57+00:00,-0.6413329501677588,0.4429793249611539,0.4429793249611539,0.4429793249611539,attitude_2025-06-14.csv,predicted
2025-06-16 12:57:06+00:00,-0.6509190506442682,0.4382938091844953,0.4382938091844953,0.4382938091844953,exported_actuals.csv,predicted
2025-06-16 13:17:16+00:00,0.1753235443520192,0.5684076162977427,0.5684076162977427,0.5684076162977427,attitude_2025-06-15 .csv,predicted
2025-06-16 13:37:25+00:00,0.8729774120362807,0.2816087345203375,0.2816087345203375,0.2816087345203375,exported_actuals.csv,predicted
2025-06-16 13:57:34+00:00,0.8667823639364648,0.2879168477001151,0.2879168477001151,0.2879168477001151,attitude_2025-06-16.csv,predicted
2025-06-16 14:17:44+00:00,0.1381007473532597,0.5718182064200915,0.5718182064200915,0.5718182064200915,attitude_2025-06-15 .csv,predicted
2025-06-16 14:37:53+00:00,0.8539776421743903,0.300400946883921,0.300400946883921,0.300400946883921,exported_actuals.csv,predicted
2025-06-16 14:58:02+00:00,-0.7062421744685067,0.4087468617624668,0.4087468617624668,0.4087468617624668,attitude_2025-06-14.csv,predicted
2025-06-16 15:18:12+00:00,0.1006817874968287,0.5744165670969816,0.5744165670969816,0.5744165670969816,attitude_2025-06-15 .csv,predicted
2025-06-16 15:38:21+00:00,0.0881778386396663,0.5751013443364676,0.5751013443364676,0.5751013443364676,attitude_2025-06-15 .csv,predicted
2025-06-16 15:58:30+00:00,-0.7324182850270392,0.3930917856167312,0.3930917856167312,0.3930917856167312,attitude_2025-06-14.csv,predicted
2025-06-16 16:18:40+00:00,0.8196278881023409,0.3307618100914396,0.3307618100914396,0.3307618100914396,attitude_2025-06-16.csv,predicted
2025-06-16 16:38:49+00:00,0.8123677593108782,0.336679186383825,0.336679186383825,0.336679186383825,attitude_2025-06-16.csv,predicted
2025-06-16 16:58:58+00:00,0.0380323131743946,0.576932561961565,0.576932561961565,0.576932561961565,exported_actuals.csv,predicted
2025-06-16 17:19:08+00:00,-0.7656996820465721,0.3713506864199833,0.3713506864199833,0.3713506864199833,attitude_2025-06-14.csv,predicted
2025-06-16 17:39:17+00:00,0.0129104241464383,0.5773021510868057,0.5773021510868057,0.5773021510868057,attitude_2025-06-15 .csv,predicted
2025-06-16 17:59:26+00:00,0.7820509702969348,0.3598130439814649,0.3598130439814649,0.3598130439814649,exported_actuals.csv,predicted
2025-06-16 18:19:36+00:00,0.7741552413184378,0.3654602861867899,0.3654602861867899,0.3654602861867899,exported_actuals.csv,predicted
2025-06-16 18:39:45+00:00,-0.79704089448757,0.3486764558127656,0.3486764558127656,0.3486764558127656,exported_actuals.csv,predicted
2025-06-16 18:59:54+00:00,0.7580116145546328,0.3765715479605785,0.3765715479605785,0.3765715479605785,exported_actuals.csv,predicted
2025-06-16 19:20:04+00:00,-0.8119646932339025,0.3370031339822497,0.3370031339822497,0.3370031339822497,attitude_2025-06-14.csv,predicted
2025-06-16 19:40:13+00:00,0.7413827129041344,0.3874496410317543,0.3874496410317543,0.3874496410317543,exported_actuals.csv,predicted
2025-06-16 20:00:22+00:00,-0.8263698705478288,0.3251219448405805,0.3251219448405805,0.3251219448405805,attitude_2025-06-14.csv,predicted
2025-06-16 20:20:32+00:00,0.7242856139124756,0.3980830522556101,0.3980830522556101,0.3980830522556101,attitude_2025-06-16.csv,predicted
2025-06-16 20:40:41+00:00,-0.0999944133712259,0.574456588813737,0.574456588813737,0.574456588813737,attitude_2025-06-15 .csv,predicted
2025-06-16 21:00:50+00:00,-0.1124834039843525,0.5736861754850798,0.5736861754850798,0.5736861754850798,attitude_2025-06-15 .csv,predicted
2025-06-16 21:21:00+00:00,0.6977895141407627,0.4135576517468869,0.4135576517468869,0.4135576517468869,attitude_2025-06-16.csv,predicted
2025-06-16 21:41:09+00:00,-0.8600930542099705,0.2945278357528451,0.2945278357528451,0.2945278357528451,attitude_2025-06-14.csv,predicted
2025-06-16 22:01:18+00:00,-0.8664324470999193,0.2882677081073804,0.2882677081073804,0.2882677081073804,attitude_2025-06-14.csv,predicted
2025-06-16 22:21:28+00:00,-0.1622627619101358,0.569698983703176,0.569698983703176,0.569698983703176,attitude_2025-06-15 .csv,predicted
2025-06-16 22:41:37+00:00,-0.8787051602603745,0.2756067496342023,0.2756067496342023,0.2756067496342023,exported_actuals.csv,predicted
2025-06-16 23:01:46+00:00,-0.1869963726585034,0.5671661592551053,0.5671661592551053,0.5671661592551053,attitude_2025-06-15 .csv,predicted
2025-06-16 23:21:56+00:00,0.6418628686718415,0.4427234117069611,0.4427234117069611,0.4427234117069611,attitude_2025-06-16.csv,predicted
2025-06-16 23:42:05+00:00,0.632181119801947,0.447342907907702,0.447342907907702,0.447342907907702,attitude_2025-06-16.csv,predicted
2025-06-17 00:02:14+00:00,-0.2238808178562446,0.562695115610582,0.562695115610582,0.562695115610582,attitude_2025-06-15 .csv,predicted
2025-06-17 00:22:24+00:00,0.6125117630269532,0.4563731441680932,0.4563731441680932,0.4563731441680932,attitude_2025-06-16.csv,predicted
2025-06-17 00:42:33+00:00,0.6025353894783493,0.4607787265149343,0.4607787265149343,0.4607787265149343,attitude_2025-06-16.csv,predicted
2025-06-17 01:02:42+00:00,0.5924639626601435,0.4651116184849396,0.4651116184849396,0.4651116184849396,exported_actuals.csv,predicted
2025-06-17 01:22:52+00:00,-0.2725630714267962,0.5554905856071104,0.5554905856071104,0.5554905856071104,exported_actuals.csv,predicted
2025-06-17 01:43:01+00:00,0.5720337980090751,0.4735600398173086,0.4735600398173086,0.4735600398173086,attitude_2025-06-16.csv,predicted
2025-06-17 02:03:10+00:00,-0.2966437449780812,0.5513627023310455,0.5513627023310455,0.5513627023310455,attitude_2025-06-15 .csv,predicted
2025-06-17 02:23:20+00:00,-0.9360903925281948,0.2030884676000504,0.2030884676000504,0.2030884676000504,attitude_2025-06-14.csv,predicted
2025-06-17 02:43:29+00:00,0.5407196708609368,0.485668692815737,0.485668692815737,0.485668692815737,attitude_2025-06-16.csv,predicted
2025-06-17 03:03:38+00:00,-0.944630439019738,0.1894494951848442,0.1894494951848442,0.1894494951848442,attitude_2025-06-14.csv,predicted
2025-06-17 03:23:48+00:00,0.519411137847772,0.4933599328008179,0.4933599328008179,0.4933599328008179,exported_actuals.csv,predicted
2025-06-17 03:43:57+00:00,-0.9525775877885526,0.17568526711418,0.17568526711418,0.17568526711418,exported_actuals.csv,predicted
2025-06-17 04:04:06+00:00,-0.9563243535787056,0.168763869308837,0.168763869308837,0.168763869308837,attitude_2025-06-14.csv,predicted
2025-06-17 04:24:16+00:00,-0.3793822615407769,0.5341875761778209,0.5341875761778209,0.5341875761778209,attitude_2025-06-15 .csv,predicted
2025-06-17 04:44:25+00:00,-0.9633675078073152,0.1548365212098691,0.1548365212098691,0.1548365212098691,attitude_2025-06-14.csv,predicted
2025-06-17 05:04:34+00:00,0.4647484688235132,0.5112106091511925,0.5112106091511925,0.5112106091511925,attitude_2025-06-16.csv,predicted
2025-06-17 05:24:44+00:00,-0.4139776567975288,0.5255544690046972,0.5255544690046972,0.5255544690046972,attitude_2025-06-15 .csv,predicted
2025-06-17 05:44:53+00:00,-0.425378051694315,0.5225110886021938,0.5225110886021938,0.5225110886021938,attitude_2025-06-15 .csv,predicted
2025-06-17 06:05:02+00:00,0.4310531964900043,0.5209584570116091,0.5209584570116091,0.5209584570116091,attitude_2025-06-16.csv,predicted
2025-06-17 06:25:12+00:00,0.4196767006101021,0.5240456299995954,0.5240456299995954,0.5240456299995954,attitude_2025-06-16.csv,predicted
2025-06-17 06:45:21+00:00,-0.9808287682328652,0.1125091513415695,0.1125091513415695,0.1125091513415695,attitude_2025-06-14.csv,predicted
2025-06-17 07:05:30+00:00,-0.9831989559901008,0.1053878755518173,0.1053878755518173,0.1053878755518173,attitude_2025-06-14.csv,predicted
2025-06-17 07:25:40+00:00,-0.4813560595597511,0.5060620330635067,0.5060620330635067,0.5060620330635067,attitude_2025-06-15 .csv,predicted
2025-06-17 07:45:49+00:00,0.3735546011991399,0.5355548399939858,0.5355548399939858,0.5355548399939858,attitude_2025-06-16.csv,predicted
2025-06-17 08:05:58+00:00,-0.5032204656983786,0.4989218919838745,0.4989218919838745,0.4989218919838745,attitude_2025-06-15 .csv,predicted
2025-06-17 08:26:08+00:00,-0.5140433605590324,0.4952303919945331,0.4952303919945331,0.4952303919945331,exported_actuals.csv,predicted
2025-06-17 08:46:17+00:00,-0.9927192014427608,0.0695427616335143,0.0695427616335143,0.0695427616335143,exported_actuals.csv,predicted
2025-06-17 09:06:26+00:00,-0.994153749299754,0.0623386524109556,0.0623386524109556,0.0623386524109556,attitude_2025-06-14.csv,predicted
2025-06-17 09:26:36+00:00,0.3145822390019301,0.5480383243607855,0.5480383243607855,0.5480383243607855,attitude_2025-06-16.csv,predicted
2025-06-17 09:46:45+00:00,-0.9965530056913632,0.0478960918639151,0.0478960918639151,0.0478960918639151,attitude_2025-06-14.csv,predicted
2025-06-17 10:06:54+00:00,0.2906405332379058,0.5524273950602576,0.5524273950602576,0.5524273950602576,attitude_2025-06-16.csv,predicted
2025-06-17 10:27:04+00:00,-0.5771820771411211,0.4714731699072107,0.4714731699072107,0.4714731699072107,attitude_2025-06-15 .csv,predicted
2025-06-17 10:47:13+00:00,0.2665054210032898,0.5564694842115062,0.5564694842115062,0.5564694842115062,attitude_2025-06-16.csv,predicted
2025-06-17 11:07:22+00:00,0.2543788178572424,0.5583581338846816,0.5583581338846816,0.5583581338846816,attitude_2025-06-16.csv,predicted
2025-06-17 11:27:32+00:00,-0.6075438084078634,0.458581334430898,0.458581334430898,0.458581334430898,attitude_2025-06-15 .csv,predicted
2025-06-17 11:47:41+00:00,-0.6174719842651116,0.454139607260332,0.454139607260332,0.454139607260332,attitude_2025-06-15 .csv,predicted
2025-06-17 12:07:50+00:00,0.2177557744113916,0.5634957623947422,0.5634957623947422,0.5634957623947422,attitude_2025-06-16.csv,predicted
2025-06-17 12:28:00+00:00,-0.9998476039836168,-0.0100791667681545,-0.0100791667681545,-0.0100791667681545,attitude_2025-06-14.csv,predicted
2025-06-17 12:48:09+00:00,-0.6466737907493361,0.4403835481175789,0.4403835481175789,0.4403835481175789,attitude_2025-06-15 .csv,predicted
2025-06-17 13:08:18+00:00,-0.9990936584773604,-0.024575472801987,-0.024575472801987,-0.024575472801987,exported_actuals.csv,predicted
2025-06-17 13:28:28+00:00,0.1684461338071713,0.5691004305057284,0.5691004305057284,0.5691004305057284,attitude_2025-06-16.csv,predicted
2025-06-17 13:48:37+00:00,-0.9977085849350994,-0.0390622560655918,-0.0390622560655918,-0.0390622560655918,exported_actuals.csv,predicted
2025-06-17 14:08:46+00:00,0.1436342249913038,0.5713636347695303,0.5713636347695303,0.5713636347695303,attitude_2025-06-16.csv,predicted
2025-06-17 14:28:56+00:00,0.1311830033302304,0.5723609058502805,0.5723609058502805,0.5723609058502805,exported_actuals.csv,predicted
2025-06-17 14:49:05+00:00,-0.994450518238114,-0.0607403401810976,-0.0607403401810976,-0.0607403401810976,exported_actuals.csv,predicted
2025-06-17 15:09:14+00:00,-0.711167497131001,0.4058902934802406,0.4058902934802406,0.4058902934802406,attitude_2025-06-15 .csv,predicted
2025-06-17 15:29:24+00:00,0.0937335361874533,0.5748083808811987,0.5748083808811987,0.5748083808811987,exported_actuals.csv,predicted
2025-06-17 15:49:33+00:00,-0.9897799012167494,-0.0823321467135037,-0.0823321467135037,-0.0823321467135037,attitude_2025-06-14.csv,predicted
2025-06-17 16:09:42+00:00,-0.7371536699043965,0.3901300923822206,0.3901300923822206,0.3901300923822206,exported_actuals.csv,predicted
2025-06-17 16:29:52+00:00,-0.7455894395650047,0.3847494369106307,0.3847494369106307,0.3847494369106307,attitude_2025-06-15 .csv,predicted
2025-06-17 16:50:01+00:00,-0.7539005684044691,0.3793125065867713,0.3793125065867713,0.3793125065867713,exported_actuals.csv,predicted
2025-06-17 17:10:10+00:00,-0.9813675312736352,-0.1109320641382086,-0.1109320641382086,-0.1109320641382086,exported_actuals.csv,predicted
2025-06-17 17:30:20+00:00,0.0184885588585293,0.5772515838555822,0.5772515838555822,0.5772515838555822,exported_actuals.csv,predicted
2025-06-17 17:50:29+00:00,-0.9762295504044172,-0.1251344142874501,-0.1251344142874501,-0.1251344142874501,exported_actuals.csv,predicted
2025-06-17 18:10:38+00:00,-0.006630655203617,0.5773375772779651,0.5773375772779651,0.5773375772779651,attitude_2025-06-16.csv,predicted
2025-06-17 18:30:48+00:00,-0.7936593122173119,0.351238236401232,0.351238236401232,0.351238236401232,attitude_2025-06-15 .csv,predicted
2025-06-17 18:50:57+00:00,-0.0317560689854022,0.5770590819210208,0.5770590819210208,0.5770590819210208,attitude_2025-06-16.csv,predicted
2025-06-17 19:11:06+00:00,-0.8086895642357036,0.3396180151760051,0.3396180151760051,0.3396180151760051,attitude_2025-06-15 .csv,predicted
2025-06-17 19:31:16+00:00,-0.8160199202650678,0.333722184723857,0.333722184723857,0.333722184723857,attitude_2025-06-15 .csv,predicted
2025-06-17 19:51:25+00:00,-0.8232154335995955,0.3277785583202122,0.3277785583202122,0.3277785583202122,attitude_2025-06-15 .csv,predicted
2025-06-17 20:11:34+00:00,-0.953421121134046,-0.1741533479202539,-0.1741533479202539,-0.1741533479202539,attitude_2025-06-14.csv,predicted
2025-06-17 20:31:44+00:00,-0.0944420176784332,0.5747697235406038,0.5747697235406038,0.5747697235406038,attitude_2025-06-16.csv,predicted
2025-06-17 20:51:53+00:00,-0.1069382582662688,0.5740395482656159,0.5740395482656159,0.5740395482656159,exported_actuals.csv,predicted
2025-06-17 21:12:02+00:00,-0.8506932374750475,0.3034913594125442,0.3034913594125442,0.3034913594125442,attitude_2025-06-15 .csv,predicted
2025-06-17 21:32:12+00:00,-0.937062511754607,-0.2015885653702834,-0.2015885653702834,-0.2015885653702834,attitude_2025-06-14.csv,predicted
2025-06-17 21:52:21+00:00,-0.1443281677729986,0.571305341589851,0.571305341589851,0.571305341589851,attitude_2025-06-16.csv,predicted
2025-06-17 22:12:30+00:00,-0.156745108388215,0.5702136941522792,0.5702136941522792,0.5702136941522792,exported_actuals.csv,predicted
2025-06-17 22:32:40+00:00,-0.1691475607957939,0.5690310778498344,0.5690310778498344,0.5690310778498344,attitude_2025-06-16.csv,predicted
2025-06-17 22:52:49+00:00,-0.9183412964661732,-0.2285091268817858,-0.2285091268817858,-0.2285091268817858,exported_actuals.csv,predicted
2025-06-17 23:12:58+00:00,-0.1938499420971781,0.5663986228646513,0.5663986228646513,0.5663986228646513,attitude_2025-06-16.csv,predicted
2025-06-17 23:33:08+00:00,-0.2061664002198276,0.564947022714047,0.564947022714047,0.564947022714047,attitude_2025-06-16.csv,predicted
2025-06-17 23:53:17+00:00,-0.902774962332354,-0.2483259735279531,-0.2483259735279531,-0.2483259735279531,exported_actuals.csv,predicted
2025-06-18 00:13:26+00:00,-0.8973016057024349,-0.2548527865283747,-0.2548527865283747,-0.2548527865283747,attitude_2025-06-14.csv,predicted
2025-06-18 00:33:36+00:00,-0.8916819922043194,-0.261344743444705,-0.261344743444705,-0.261344743444705,attitude_2025-06-14.csv,predicted
2025-06-18 00:53:45+00:00,-0.2550569369321248,0.5582550071197457,0.5582550071197457,0.5582550071197457,attitude_2025-06-16.csv,predicted
2025-06-18 01:13:54+00:00,-0.267181243143217,0.5563614482547729,0.5563614482547729,0.5563614482547729,attitude_2025-06-16.csv,predicted
2025-06-18 01:34:04+00:00,-0.8739915086393625,-0.2805582784534502,-0.2805582784534502,-0.2805582784534502,attitude_2025-06-14.csv,predicted
2025-06-18 01:54:13+00:00,-0.9295523568309588,0.2128633488962735,0.2128633488962735,0.2128633488962735,attitude_2025-06-15 .csv,predicted
2025-06-18 02:14:22+00:00,-0.8615100529950545,-0.293144121885725,-0.293144121885725,-0.293144121885725,attitude_2025-06-14.csv,predicted
2025-06-18 02:34:32+00:00,-0.9385233095916912,0.1993104758520056,0.1993104758520056,0.1993104758520056,attitude_2025-06-15 .csv,predicted
2025-06-18 02:54:41+00:00,-0.9427851328832708,0.1924891280170333,0.1924891280170333,0.1924891280170333,attitude_2025-06-15 .csv,predicted
2025-06-18 03:14:50+00:00,-0.9468982266380008,0.1856374139640762,0.1856374139640762,0.1856374139640762,exported_actuals.csv,predicted
2025-06-18 03:35:00+00:00,-0.8349130939282063,-0.3177630802905576,-0.3177630802905576,-0.3177630802905576,attitude_2025-06-14.csv,predicted
2025-06-18 03:55:09+00:00,-0.9546787458290726,0.17184148922988,0.17184148922988,0.17184148922988,exported_actuals.csv,predicted
2025-06-18 04:15:18+00:00,-0.3742049940977684,0.5354034685456969,0.5354034685456969,0.5354034685456969,exported_actuals.csv,predicted
2025-06-18 04:35:28+00:00,-0.3858323683487214,0.5326454053540737,0.5326454053540737,0.5326454053540737,attitude_2025-06-16.csv,predicted
2025-06-18 04:55:37+00:00,-0.3973892413549246,0.529805558941315,0.529805558941315,0.529805558941315,attitude_2025-06-16.csv,predicted
2025-06-18 05:15:46+00:00,-0.7987192642250565,-0.3473938864151106,-0.3473938864151106,-0.3473938864151106,exported_actuals.csv,predicted
2025-06-18 05:35:56+00:00,-0.4203225297173429,0.5238730670089251,0.5238730670089251,0.5238730670089251,attitude_2025-06-16.csv,predicted
2025-06-18 05:56:05+00:00,-0.7833474103375963,-0.3588717666601733,-0.3588717666601733,-0.3588717666601733,attitude_2025-06-14.csv,predicted
2025-06-18 06:16:14+00:00,-0.7754786319669184,-0.3645238407213428,-0.3645238407213428,-0.3645238407213428,attitude_2025-06-14.csv,predicted
2025-06-18 06:36:24+00:00,-0.7674808576011589,-0.3701230125313248,-0.3701230125313248,-0.3701230125313248,exported_actuals.csv,predicted
2025-06-18 06:56:33+00:00,-0.4653692708043984,0.5110223223405485,0.5110223223405485,0.5110223223405485,attitude_2025-06-16.csv,predicted
2025-06-18 07:16:42+00:00,-0.984449337545674,0.1014223870847124,0.1014223870847124,0.1014223870847124,attitude_2025-06-15 .csv,predicted
2025-06-18 07:36:52+00:00,-0.4874635895821307,0.5041095280563885,0.5041095280563885,0.5041095280563885,attitude_2025-06-16.csv,predicted
2025-06-18 07:57:01+00:00,-0.4983916692545917,0.5005349618217232,0.5005349618217232,0.5005349618217232,exported_actuals.csv,predicted
2025-06-18 08:17:10+00:00,-0.7257273975414836,-0.3972068077872723,-0.3972068077872723,-0.3972068077872723,exported_actuals.csv,predicted
2025-06-18 08:37:20+00:00,-0.9920317776795288,0.0727391505632598,0.0727391505632598,0.0727391505632598,exported_actuals.csv,predicted
2025-06-18 08:57:29+00:00,-0.9935359148345522,0.0655397740151468,0.0655397740151468,0.0655397740151468,attitude_2025-06-15 .csv,predicted
2025-06-18 09:17:38+00:00,-0.5413094309585202,0.4854496540855577,0.4854496540855577,0.4854496540855577,attitude_2025-06-16.csv,predicted
2025-06-18 09:37:48+00:00,-0.690246513855102,-0.4177558098981104,-0.4177558098981104,-0.4177558098981104,attitude_2025-06-14.csv,predicted
2025-06-18 09:57:57+00:00,-0.56226676971181,0.4774432181519413,0.4774432181519413,0.4774432181519413,attitude_2025-06-16.csv,predicted
2025-06-18 10:18:06+00:00,-0.6718542388125294,-0.4276337536528334,-0.4276337536528334,-0.4276337536528334,exported_actuals.csv,predicted
2025-06-18 10:38:16+00:00,-0.5828690262625879,0.4691352677084733,0.4691352677084733,0.4691352677084733,attitude_2025-06-16.csv,predicted
2025-06-18 10:58:25+00:00,-0.9992635120627422,0.0221542581312173,0.0221542581312173,0.0221542581312173,exported_actuals.csv,predicted
2025-06-18 11:18:34+00:00,-0.6030949030314321,0.46053466678688,0.46053466678688,0.46053466678688,attitude_2025-06-16.csv,predicted
2025-06-18 11:38:44+00:00,-0.6130741306215216,0.4561213692146223,0.4561213692146223,0.4561213692146223,exported_actuals.csv,predicted
2025-06-18 11:58:53+00:00,-0.6229483555366909,0.4516397333916095,0.4516397333916095,0.4516397333916095,attitude_2025-06-16.csv,predicted
2025-06-18 12:19:02+00:00,-0.9999295607162806,-0.006852581162018,-0.006852581162018,-0.006852581162018,exported_actuals.csv,predicted
2025-06-18 12:39:12+00:00,-0.642408404259172,0.4424595808798751,0.4424595808798751,0.4424595808798751,attitude_2025-06-16.csv,predicted
2025-06-18 12:59:21+00:00,-0.9993155779964752,-0.0213570876102129,-0.0213570876102129,-0.0213570876102129,exported_actuals.csv,predicted
2025-06-18 13:19:30+00:00,-0.5839912094071396,-0.4686698437547077,-0.4686698437547077,-0.4686698437547077,attitude_2025-06-14.csv,predicted
2025-06-18 13:39:40+00:00,-0.6708301798054864,0.4281693083591033,0.4281693083591033,0.4281693083591033,attitude_2025-06-16.csv,predicted
2025-06-18 13:59:49+00:00,-0.6800917726563216,0.4232710639630284,0.4232710639630284,0.4232710639630284,attitude_2025-06-16.csv,predicted
2025-06-18 14:19:58+00:00,-0.9961960435733735,-0.0503105117205706,-0.0503105117205706,-0.0503105117205706,exported_actuals.csv,predicted
2025-06-18 14:40:08+00:00,-0.542470697538771,-0.485017368181044,-0.485017368181044,-0.485017368181044,exported_actuals.csv,predicted
2025-06-18 15:00:17+00:00,-0.9936918169161204,-0.0647471311949784,-0.0647471311949784,-0.0647471311949784,attitude_2025-06-15 .csv,predicted
2025-06-18 15:20:26+00:00,-0.9922049108218278,-0.0719477007764406,-0.0719477007764406,-0.0719477007764406,attitude_2025-06-15 .csv,predicted
2025-06-18 15:40:36+00:00,-0.7247761052004881,0.397785368144854,0.397785368144854,0.397785368144854,attitude_2025-06-16.csv,predicted
2025-06-18 16:00:45+00:00,-0.988760227370864,-0.0863195859766047,-0.0863195859766047,-0.0863195859766047,attitude_2025-06-15 .csv,predicted
2025-06-18 16:20:54+00:00,-0.7418531268330426,0.3871493846945206,0.3871493846945206,0.3871493846945206,attitude_2025-06-16.csv,predicted
2025-06-18 16:41:04+00:00,-0.9846911229542604,-0.1006369587098058,-0.1006369587098058,-0.1006369587098058,attitude_2025-06-15 .csv,predicted
2025-06-18 17:01:13+00:00,-0.7584688118663516,0.376264561811697,0.376264561811697,0.376264561811697,attitude_2025-06-16.csv,predicted
2025-06-18 17:21:22+00:00,-0.4554461812326317,-0.5139937664993655,-0.5139937664993655,-0.5139937664993655,attitude_2025-06-14.csv,predicted
2025-06-18 17:41:32+00:00,-0.4442193951057701,-0.5172585198305465,-0.5172585198305465,-0.5172585198305465,attitude_2025-06-14.csv,predicted
2025-06-18 18:01:41+00:00,-0.7824878068241066,0.3594963292216856,0.3594963292216856,0.3594963292216856,exported_actuals.csv,predicted
2025-06-18 18:21:50+00:00,-0.7902466625349268,0.3537938252487407,0.3537938252487407,0.3537938252487407,attitude_2025-06-16.csv,predicted
2025-06-18 18:42:00+00:00,-0.9687675189570436,-0.1431659808448617,-0.1431659808448617,-0.1431659808448617,attitude_2025-06-15 .csv,predicted
2025-06-18 19:02:09+00:00,-0.3986567983436989,-0.5294880411411106,-0.5294880411411106,-0.5294880411411106,attitude_2025-06-14.csv,predicted
2025-06-18 19:22:18+00:00,-0.9622334256156806,-0.1571695842372314,-0.1571695842372314,-0.1571695842372314,attitude_2025-06-15 .csv,predicted
2025-06-18 19:42:28+00:00,-0.8200353755050324,0.3304249702632055,0.3304249702632055,0.3304249702632055,attitude_2025-06-16.csv,predicted
2025-06-18 20:02:37+00:00,-0.3638155516262412,-0.5377850389622524,-0.5377850389622524,-0.5377850389622524,exported_actuals.csv,predicted
2025-06-18 20:22:46+00:00,-0.8341518229389892,0.3184288179418655,0.3184288179418655,0.3184288179418655,exported_actuals.csv,predicted
2025-06-18 20:42:56+00:00,-0.8410188306849614,0.3123498713693242,0.3123498713693242,0.3123498713693242,attitude_2025-06-16.csv,predicted
2025-06-18 21:03:05+00:00,-0.9432448999614388,-0.1917368497852681,-0.1917368497852681,-0.1917368497852681,exported_actuals.csv,predicted
2025-06-18 21:23:14+00:00,-0.8543422991014115,0.3000551260274876,0.3000551260274876,0.3000551260274876,exported_actuals.csv,predicted
2025-06-18 21:43:24+00:00,-0.9346020838192602,-0.2053606136537193,-0.2053606136537193,-0.2053606136537193,attitude_2025-06-15 .csv,predicted
2025-06-18 22:03:33+00:00,-0.8671318545320303,0.2875658457094894,0.2875658457094894,0.2875658457094894,attitude_2025-06-16.csv,predicted
2025-06-18 22:23:42+00:00,-0.9253729866502148,-0.2188491379756546,-0.2188491379756546,-0.2188491379756546,attitude_2025-06-15 .csv,predicted
2025-06-18 22:43:52+00:00,-0.920535035810282,-0.2255476652105293,-0.2255476652105293,-0.2255476652105293,attitude_2025-06-15 .csv,predicted
2025-06-18 23:04:01+00:00,-0.9155558035454916,-0.2322050606641821,-0.2322050606641821,-0.2322050606641821,exported_actuals.csv,predicted
2025-06-18 23:24:10+00:00,-0.9104321373202244,-0.2388258244931706,-0.2388258244931706,-0.2388258244931706,exported_actuals.csv,predicted
2025-06-18 23:44:20+00:00,-0.9051604294667368,-0.2454143414225505,-0.2454143414225505,-0.2454143414225505,attitude_2025-06-15 .csv,predicted
2025-06-19 00:04:29+00:00,-0.902179804189966,0.2490459133786074,0.2490459133786074,0.2490459133786074,attitude_2025-06-16.csv,predicted
2025-06-19 00:24:38+00:00,-0.9075264518107348,0.2424841845453143,0.2424841845453143,0.2424841845453143,attitude_2025-06-16.csv,predicted
2025-06-19 00:44:48+00:00,-0.8885001033867046,-0.2649324230074626,-0.2649324230074626,-0.2649324230074626,attitude_2025-06-15 .csv,predicted
2025-06-19 01:04:57+00:00,-0.8826666117071487,-0.2713544131312539,-0.2713544131312539,-0.2713544131312539,attitude_2025-06-15 .csv,predicted
2025-06-19 01:25:06+00:00,-0.9227081351170998,0.2225681149586375,0.2225681149586375,0.2225681149586375,attitude_2025-06-16.csv,predicted
2025-06-19 01:45:16+00:00,-0.1581096002714197,-0.570088108483245,-0.570088108483245,-0.570088108483245,attitude_2025-06-14.csv,predicted
2025-06-19 02:05:25+00:00,-0.1456952840514428,-0.5711896603304282,-0.5711896603304282,-0.5711896603304282,exported_actuals.csv,predicted
2025-06-19 02:25:34+00:00,-0.9365791733469496,0.2023359022786487,0.2023359022786487,0.2023359022786487,attitude_2025-06-16.csv,predicted
2025-06-19 02:45:44+00:00,-0.9409104842018732,0.195522769960429,0.195522769960429,0.195522769960429,attitude_2025-06-16.csv,predicted
2025-06-19 03:05:53+00:00,-0.844764125660779,-0.308962550048049,-0.308962550048049,-0.308962550048049,attitude_2025-06-15 .csv,predicted
2025-06-19 03:26:02+00:00,-0.8379762409486003,-0.3150639192320892,-0.3150639192320892,-0.3150639192320892,attitude_2025-06-15 .csv,predicted
2025-06-19 03:46:12+00:00,-0.0832975228710079,-0.5753438168271078,-0.5753438168271078,-0.5753438168271078,attitude_2025-06-14.csv,predicted
2025-06-19 04:06:21+00:00,-0.956733374020504,0.1679893360061311,0.1679893360061311,0.1679893360061311,attitude_2025-06-16.csv,predicted
2025-06-19 04:26:30+00:00,-0.8168178088114458,-0.333070896961627,-0.333070896961627,-0.333070896961627,exported_actuals.csv,predicted
2025-06-19 04:46:40+00:00,-0.8095015697439327,-0.3389725694812236,-0.3389725694812236,-0.3389725694812236,attitude_2025-06-15 .csv,predicted
2025-06-19 05:06:49+00:00,-0.9670180519325964,0.1470556439316838,0.1470556439316838,0.1470556439316838,attitude_2025-06-16.csv,predicted
2025-06-19 05:26:58+00:00,-0.0205815186834052,-0.5772279737644634,-0.5772279737644634,-0.5772279737644634,attitude_2025-06-14.csv,predicted
2025-06-19 05:47:08+00:00,-0.0080123393358296,-0.5773317366466664,-0.5773317366466664,-0.5773317366466664,exported_actuals.csv,predicted
2025-06-19 06:07:17+00:00,0.0045477173200263,-0.5773442988567501,-0.5773442988567501,-0.5773442988567501,attitude_2025-06-14.csv,predicted
2025-06-19 06:27:26+00:00,-0.978591312041328,0.1188262653305687,0.1188262653305687,0.1188262653305687,attitude_2025-06-16.csv,predicted
2025-06-19 06:47:36+00:00,-0.9811011106813056,0.1117148313339345,0.1117148313339345,0.1117148313339345,attitude_2025-06-16.csv,predicted
2025-06-19 07:07:45+00:00,0.0422260375477506,-0.5768353207380815,-0.5768353207380815,-0.5768353207380815,attitude_2025-06-14.csv,predicted
2025-06-19 07:27:54+00:00,-0.7465095143080923,-0.3841542854320801,-0.3841542854320801,-0.3841542854320801,attitude_2025-06-15 .csv,predicted
2025-06-19 07:48:04+00:00,-0.738086629742267,-0.3895416652921318,-0.3895416652921318,-0.3895416652921318,attitude_2025-06-15 .csv,predicted
2025-06-19 08:08:13+00:00,0.0798443785186476,-0.5755069866992555,-0.5755069866992555,-0.5755069866992555,attitude_2025-06-14.csv,predicted
2025-06-19 08:28:22+00:00,0.0923578091497764,-0.5748826068827889,-0.5748826068827889,-0.5748826068827889,exported_actuals.csv,predicted
2025-06-19 08:48:32+00:00,-0.9928871582947396,0.0687388558080423,0.0687388558080423,0.0687388558080423,attitude_2025-06-16.csv,predicted
2025-06-19 09:08:41+00:00,-0.7032645346088723,-0.4104546237045643,-0.4104546237045643,-0.4104546237045643,attitude_2025-06-15 .csv,predicted
2025-06-19 09:28:50+00:00,-0.9955643938064664,0.0543186210697684,0.0543186210697684,0.0543186210697684,attitude_2025-06-16.csv,predicted
2025-06-19 09:49:00+00:00,-0.6851782241779237,-0.4205277640903102,-0.4205277640903102,-0.4205277640903102,exported_actuals.csv,predicted
2025-06-19 10:09:09+00:00,-0.6759759085777224,-0.4254631088678636,-0.4254631088678636,-0.4254631088678636,attitude_2025-06-15 .csv,predicted
2025-06-19 10:29:18+00:00,0.1670839957784473,-0.5692342629517622,-0.5692342629517622,-0.5692342629517622,attitude_2025-06-14.csv,predicted
2025-06-19 10:49:28+00:00,0.1794643069047901,-0.5679766904099685,-0.5679766904099685,-0.5679766904099685,attitude_2025-06-14.csv,predicted
2025-06-19 11:09:37+00:00,0.1918060637175094,-0.56663051862779,-0.56663051862779,-0.56663051862779,exported_actuals.csv,predicted
2025-06-19 11:29:46+00:00,0.2041175620693903,-0.5651949577667422,-0.5651949577667422,-0.5651949577667422,exported_actuals.csv,predicted
2025-06-19 11:49:56+00:00,-0.6283782020313098,-0.4491253853182867,-0.4491253853182867,-0.4491253853182867,attitude_2025-06-15 .csv,predicted
2025-06-19 12:10:05+00:00,-0.6185582466035976,-0.453646593564742,-0.453646593564742,-0.453646593564742,attitude_2025-06-15 .csv,predicted
2025-06-19 12:30:14+00:00,0.2408611930410523,-0.560352831017161,-0.560352831017161,-0.560352831017161,attitude_2025-06-14.csv,predicted
2025-06-19 12:50:24+00:00,-0.5986188355885481,-0.4624772029259427,-0.4624772029259427,-0.4624772029259427,exported_actuals.csv,predicted
2025-06-19 13:10:33+00:00,-0.9990329771581596,-0.0253844476698105,-0.0253844476698105,-0.0253844476698105,exported_actuals.csv,predicted
2025-06-19 13:30:42+00:00,-0.578309860806836,-0.4710122804108819,-0.4710122804108819,-0.4710122804108819,exported_actuals.csv,predicted
2025-06-19 13:50:52+00:00,-0.5680091712024683,-0.475172102656811,-0.475172102656811,-0.475172102656811,attitude_2025-06-15 .csv,predicted
2025-06-19 14:11:01+00:00,-0.9966666798441516,-0.0471010590412973,-0.0471010590412973,-0.0471010590412973,exported_actuals.csv,predicted
2025-06-19 14:31:10+00:00,-0.5471575609956519,-0.4832592828717966,-0.4832592828717966,-0.4832592828717966,attitude_2025-06-15 .csv,predicted
2025-06-19 14:51:20+00:00,-0.9943019898331088,-0.0615455197771541,-0.0615455197771541,-0.0615455197771541,attitude_2025-06-16.csv,predicted
2025-06-19 15:11:29+00:00,-0.992884684296705,-0.0687507665145939,-0.0687507665145939,-0.0687507665145939,exported_actuals.csv,predicted
2025-06-19 15:31:38+00:00,-0.5152280605333581,-0.4948198479039398,-0.4948198479039398,-0.4948198479039398,exported_actuals.csv,predicted
2025-06-19 15:51:48+00:00,0.3605861142211831,-0.5385095648271155,-0.5385095648271155,-0.5385095648271155,attitude_2025-06-14.csv,predicted
2025-06-19 16:11:57+00:00,0.3722725490444683,-0.535852327054116,-0.535852327054116,-0.535852327054116,attitude_2025-06-14.csv,predicted
2025-06-19 16:32:06+00:00,-0.9856499846601188,-0.0974578673744159,-0.0974578673744159,-0.0974578673744159,exported_actuals.csv,predicted
2025-06-19 16:52:16+00:00,0.3954769421927496,-0.5302823110362607,-0.5302823110362607,-0.5302823110362607,exported_actuals.csv,predicted
2025-06-19 17:12:25+00:00,-0.9810970900602995,-0.1117266006452241,-0.1117266006452241,-0.1117266006452241,attitude_2025-06-16.csv,predicted
2025-06-19 17:32:34+00:00,-0.44921991205839,-0.5158169800133416,-0.5158169800133416,-0.5158169800133416,attitude_2025-06-15 .csv,predicted
2025-06-19 17:52:44+00:00,0.4298060216683022,-0.5213018267560765,-0.5213018267560765,-0.5213018267560765,exported_actuals.csv,predicted
2025-06-19 18:12:53+00:00,-0.4266281247612296,-0.5221712500584192,-0.5221712500584192,-0.5221712500584192,attitude_2025-06-15 .csv,predicted
2025-06-19 18:33:02+00:00,-0.9701383426329128,-0.1400376094167385,-0.1400376094167385,-0.1400376094167385,exported_actuals.csv,predicted
2025-06-19 18:53:12+00:00,0.4635245904907948,-0.5115808681627115,-0.5115808681627115,-0.5115808681627115,attitude_2025-06-14.csv,predicted
2025-06-19 19:13:21+00:00,-0.9637371446169104,-0.1540678596005067,-0.1540678596005067,-0.1540678596005067,attitude_2025-06-16.csv,predicted
2025-06-19 19:33:30+00:00,-0.3806603228090892,-0.5338844190268403,-0.5338844190268403,-0.5338844190268403,attitude_2025-06-15 .csv,predicted
2025-06-19 19:53:40+00:00,-0.3690063810739589,-0.5366048486321818,-0.5366048486321818,-0.5366048486321818,exported_actuals.csv,predicted
2025-06-19 20:13:49+00:00,-0.9529971303395256,-0.1749251931204017,-0.1749251931204017,-0.1749251931204017,attitude_2025-06-16.csv,predicted
2025-06-19 20:33:58+00:00,-0.9491165919535856,-0.1818219778413404,-0.1818219778413404,-0.1818219778413404,attitude_2025-06-16.csv,predicted
2025-06-19 20:54:08+00:00,-0.3337216996541218,-0.5442517270467052,-0.5442517270467052,-0.5442517270467052,exported_actuals.csv,predicted
2025-06-19 21:14:17+00:00,-0.3218555829043986,-0.5466287538946549,-0.5466287538946549,-0.5466287538946549,attitude_2025-06-15 .csv,predicted
2025-06-19 21:34:26+00:00,-0.936575532449803,-0.2023415198917975,-0.2023415198917975,-0.2023415198917975,attitude_2025-06-16.csv,predicted
2025-06-19 21:54:36+00:00,-0.932096104546243,-0.2091226529174678,-0.2091226529174678,-0.2091226529174678,attitude_2025-06-16.csv,predicted
2025-06-19 22:14:45+00:00,-0.2859501581917462,-0.553242715580939,-0.553242715580939,-0.553242715580939,attitude_2025-06-15 .csv,predicted
2025-06-19 22:34:54+00:00,-0.9227041301608292,-0.2225736493718786,-0.2225736493718786,-0.2225736493718786,exported_actuals.csv,predicted
2025-06-19 22:55:04+00:00,-0.9177852991798396,-0.22925251333364,-0.22925251333364,-0.22925251333364,attitude_2025-06-16.csv,predicted
2025-06-19 23:15:13+00:00,0.6014320737380893,-0.461258951378038,-0.461258951378038,-0.461258951378038,attitude_2025-06-14.csv,predicted
2025-06-19 23:35:22+00:00,-0.2374566972954115,-0.5608369688568314,-0.5608369688568314,-0.5608369688568314,attitude_2025-06-15 .csv,predicted
2025-06-19 23:55:32+00:00,-0.2252272521107254,-0.5625159804860811,-0.5625159804860811,-0.5625159804860811,attitude_2025-06-15 .csv,predicted
2025-06-20 00:15:41+00:00,-0.2129723678421175,-0.5641048278868394,-0.5641048278868394,-0.5641048278868394,attitude_2025-06-15 .csv,predicted
2025-06-20 00:35:50+00:00,0.6408027255628973,-0.4432350267864526,-0.4432350267864526,-0.4432350267864526,exported_actuals.csv,predicted
2025-06-20 00:56:00+00:00,-0.1883535422714624,-0.5670164439454974,-0.5670164439454974,-0.5670164439454974,attitude_2025-06-15 .csv,predicted
2025-06-20 01:16:09+00:00,-0.1760036622661895,-0.5683375496037805,-0.5683375496037805,-0.5683375496037805,attitude_2025-06-15 .csv,predicted
2025-06-20 01:36:18+00:00,0.6692762525432039,-0.4289791361599945,-0.4289791361599945,-0.4289791361599945,exported_actuals.csv,predicted
2025-06-20 01:56:28+00:00,-0.8671215053843271,-0.2875762478022239,-0.2875762478022239,-0.2875762478022239,attitude_2025-06-16.csv,predicted
2025-06-20 02:16:37+00:00,-0.8607971003502164,-0.293841426639528,-0.293841426639528,-0.293841426639528,attitude_2025-06-16.csv,predicted
2025-06-20 02:36:46+00:00,0.6967991174540652,-0.4141139094159303,-0.4141139094159303,-0.4141139094159303,exported_actuals.csv,predicted
2025-06-20 02:56:56+00:00,-0.8477364125905532,-0.3062368227195522,-0.3062368227195522,-0.3062368227195522,attitude_2025-06-16.csv,predicted
2025-06-20 03:17:05+00:00,-0.8410075896118567,-0.3123599602036379,-0.3123599602036379,-0.3123599602036379,attitude_2025-06-16.csv,predicted
2025-06-20 03:37:14+00:00,-0.8341460930631955,-0.3184338211870754,-0.3184338211870754,-0.3184338211870754,attitude_2025-06-16.csv,predicted
2025-06-20 03:57:24+00:00,-0.076338482978034,-0.5756655383167708,-0.5756655383167708,-0.5756655383167708,attitude_2025-06-15 .csv,predicted
2025-06-20 05:38:10+00:00,0.7732798788642158,-0.3660775095266683,-0.3660775095266683,-0.3660775095266683,exported_actuals.csv,predicted
2025-06-20 05:58:20+00:00,-0.0010310963332255,-0.5773499622817896,-0.5773499622817896,-0.5773499622817896,attitude_2025-06-15 .csv,predicted
2025-06-20 06:18:29+00:00,-0.7745923684069779,-0.3651514127982476,-0.3651514127982476,-0.3651514127982476,attitude_2025-06-16.csv,predicted
2025-06-20 06:38:38+00:00,-0.7665876715599841,-0.3707395050491391,-0.3707395050491391,-0.3707395050491391,attitude_2025-06-16.csv,predicted
2025-06-20 06:58:48+00:00,0.036651555694938,-0.5769623510146743,-0.5769623510146743,-0.5769623510146743,exported_actuals.csv,predicted
2025-06-20 07:18:57+00:00,0.0492000536522732,-0.5766510657005134,-0.5766510657005134,-0.5766510657005134,attitude_2025-06-15 .csv,predicted
2025-06-20 07:39:06+00:00,-0.7418461603994679,-0.3871538343262563,-0.3871538343262563,-0.3871538343262563,attitude_2025-06-16.csv,predicted
2025-06-20 07:59:16+00:00,0.074282146644208,-0.5757552033894059,-0.5757552033894059,-0.5757552033894059,attitude_2025-06-15 .csv,predicted
2025-06-20 08:19:25+00:00,-0.7247617894876752,-0.3977940625074834,-0.3977940625074834,-0.3977940625074834,exported_actuals.csv,predicted
2025-06-20 08:39:34+00:00,0.0993069915194502,-0.5744963363490249,-0.5744963363490249,-0.5744963363490249,exported_actuals.csv,predicted
2025-06-20 08:59:44+00:00,-0.7072197176652646,-0.408183076141684,-0.408183076141684,-0.408183076141684,attitude_2025-06-16.csv,predicted
2025-06-20 09:40:02+00:00,0.8597404152871309,-0.2948708295293109,-0.2948708295293109,-0.2948708295293109,exported_actuals.csv,predicted
2025-06-20 10:00:12+00:00,-0.6800765397703102,-0.4232792222847867,-0.4232792222847867,-0.4232792222847867,attitude_2025-06-16.csv,predicted
2025-06-20 10:20:21+00:00,0.1615810181754416,-0.5697635692593283,-0.5697635692593283,-0.5697635692593283,attitude_2025-06-15 .csv,predicted
2025-06-20 10:40:30+00:00,0.1739630578086475,-0.5685469357692658,-0.5685469357692658,-0.5685469357692658,exported_actuals.csv,predicted
2025-06-20 11:20:49+00:00,-0.6423924808222216,-0.4424672871460186,-0.4424672871460186,-0.4424672871460186,attitude_2025-06-16.csv,predicted
2025-06-20 11:40:58+00:00,-0.6327162619779837,-0.4470906439894141,-0.4470906439894141,-0.4470906439894141,attitude_2025-06-16.csv,predicted
2025-06-20 12:21:17+00:00,0.2354428865435453,-0.5611199061329771,-0.5611199061329771,-0.5611199061329771,attitude_2025-06-15 .csv,predicted
2025-06-20 12:41:26+00:00,0.2476310636245541,-0.5593683510079834,-0.5593683510079834,-0.5593683510079834,attitude_2025-06-15 .csv,predicted
2025-06-20 13:01:36+00:00,0.9169644988313485,-0.2303447473411496,-0.2303447473411496,-0.2303447473411496,exported_actuals.csv,predicted
2025-06-20 13:21:45+00:00,-0.5828521428300806,-0.4691422597316594,-0.4691422597316594,-0.4691422597316594,exported_actuals.csv,predicted
2025-06-20 13:41:54+00:00,0.2839635052471045,-0.5535836966794265,-0.5535836966794265,-0.5535836966794265,attitude_2025-06-15 .csv,predicted
2025-06-20 14:42:22+00:00,-0.5413006957137356,-0.48545290084615,-0.48545290084615,-0.48545290084615,attitude_2025-06-16.csv,predicted
2025-06-20 15:02:32+00:00,0.3317770205388151,-0.5446479011380921,-0.5446479011380921,-0.5446479011380921,exported_actuals.csv,predicted
2025-06-20 15:42:50+00:00,-0.509232183954451,-0.4968844878590933,-0.4968844878590933,-0.4968844878590933,attitude_2025-06-16.csv,predicted
2025-06-20 16:03:00+00:00,-0.4983736558236647,-0.5005409404437547,-0.5005409404437547,-0.5005409404437547,attitude_2025-06-16.csv,predicted
2025-06-20 16:23:09+00:00,0.3787429591419676,-0.5343387723471524,-0.5343387723471524,-0.5343387723471524,attitude_2025-06-15 .csv,predicted
2025-06-20 16:43:18+00:00,-0.4764403420008158,-0.5076102837525871,-0.5076102837525871,-0.5076102837525871,exported_actuals.csv,predicted
2025-06-20 17:03:28+00:00,-0.4653508799599778,-0.5110279048220604,-0.5110279048220604,-0.5110279048220604,attitude_2025-06-16.csv,predicted
2025-06-20 17:23:37+00:00,0.4133486765673829,-0.5257194662491879,-0.5257194662491879,-0.5257194662491879,attitude_2025-06-15 .csv,predicted
2025-06-20 17:43:46+00:00,0.4247527104696561,-0.5226806338318778,-0.5226806338318778,-0.5226806338318778,attitude_2025-06-15 .csv,predicted
2025-06-20 18:24:05+00:00,-0.4203036764082221,-0.5238781091048225,-0.5238781091048225,-0.5238781091048225,attitude_2025-06-16.csv,predicted
2025-06-20 18:44:14+00:00,0.4585648588856736,-0.5130686341985713,-0.5130686341985713,-0.5130686341985713,attitude_2025-06-15 .csv,predicted
2025-06-20 19:04:24+00:00,0.4696992883538157,-0.5097001008828359,-0.5097001008828359,-0.5097001008828359,exported_actuals.csv,predicted
2025-06-20 19:24:33+00:00,0.4807503880087406,-0.5062539100851289,-0.5062539100851289,-0.5062539100851289,attitude_2025-06-15 .csv,predicted
2025-06-20 19:44:42+00:00,0.4917256466474522,-0.5027278549504178,-0.5027278549504178,-0.5027278549504178,attitude_2025-06-15 .csv,predicted
2025-06-20 20:04:52+00:00,0.5026323140810338,-0.4991194769596905,-0.4991194769596905,-0.4991194769596905,attitude_2025-06-15 .csv,predicted
2025-06-20 20:45:10+00:00,0.5241879710780347,-0.4916729844714179,-0.4916729844714179,-0.4916729844714179,attitude_2025-06-15 .csv,predicted
2025-06-20 21:25:29+00:00,0.5454215745795019,-0.4839129763305301,-0.4839129763305301,-0.4839129763305301,exported_actuals.csv,predicted
2025-06-20 22:05:48+00:00,0.5663107339408714,-0.47584736790395,-0.47584736790395,-0.47584736790395,attitude_2025-06-15 .csv,predicted
2025-06-20 22:46:06+00:00,0.9989397059769624,-0.0265798408739893,-0.0265798408739893,-0.0265798408739893,exported_actuals.csv,predicted
2025-06-20 23:06:16+00:00,0.9994394844729978,-0.0193280183183924,-0.0193280183183924,-0.0193280183183924,exported_actuals.csv,predicted
2025-06-20 23:26:25+00:00,-0.2428722384980407,-0.5600634118165998,-0.5600634118165998,-0.5600634118165998,exported_actuals.csv,predicted
2025-06-20 23:46:34+00:00,0.6169284108978936,-0.4543857890335772,-0.4543857890335772,-0.4543857890335772,exported_actuals.csv,predicted
2025-06-21 00:10:06+00:00,-0.2163715028752811,-0.5636734789880551,-0.5636734789880551,-0.5636734789880551,attitude_2025-06-16.csv,predicted
2025-06-21 00:40:20+00:00,-0.1979351667837782,-0.565927459942314,-0.565927459942314,-0.565927459942314,attitude_2025-06-16.csv,predicted
2025-06-21 02:11:02+00:00,-0.1422307029943457,-0.5714806579187477,-0.5714806579187477,-0.5714806579187477,attitude_2025-06-16.csv,predicted
2025-06-21 02:41:16+00:00,-0.123552711120863,-0.5729266176322771,-0.5729266176322771,-0.5729266176322771,attitude_2025-06-16.csv,predicted
2025-06-21 04:11:58+00:00,-0.0672820733506594,-0.5760419899641682,-0.5760419899641682,-0.5760419899641682,attitude_2025-06-16.csv,predicted
2025-06-21 04:42:12+00:00,0.750693962515824,-0.3814265218196425,-0.3814265218196425,-0.3814265218196425,exported_actuals.csv,predicted
2025-06-21 05:12:26+00:00,0.7630101614480088,-0.3731914135878457,-0.3731914135878457,-0.3731914135878457,exported_actuals.csv,predicted
2025-06-21 05:42:40+00:00,-0.0107964356269643,-0.5773166193628798,-0.5773166193628798,-0.5773166193628798,exported_actuals.csv,predicted
2025-06-21 06:43:08+00:00,0.0268909757128223,-0.577141483354302,-0.577141483354302,-0.577141483354302,attitude_2025-06-16.csv,predicted
2025-06-21 07:13:22+00:00,0.0457237021209113,-0.5767464327484993,-0.5767464327484993,-0.5767464327484993,attitude_2025-06-16.csv,predicted
2025-06-21 07:43:36+00:00,0.0645401902235375,-0.5761465565420861,-0.5761465565420861,-0.5761465565420861,exported_actuals.csv,predicted
2025-06-21 08:13:50+00:00,0.0833337575372772,-0.5753420677749653,-0.5753420677749653,-0.5753420677749653,exported_actuals.csv,predicted
2025-06-21 09:14:18+00:00,0.1208254429351442,-0.573120467947047,-0.573120467947047,-0.573120467947047,attitude_2025-06-16.csv,predicted
2025-06-21 09:44:32+00:00,0.1395102462304076,-0.5717041458647212,-0.5717041458647212,-0.5717041458647212,exported_actuals.csv,predicted
2025-06-21 10:14:46+00:00,0.1581455038876705,-0.5700847888984336,-0.5700847888984336,-0.5700847888984336,exported_actuals.csv,predicted
2025-06-21 11:15:14+00:00,0.1952409297490397,-0.5662393426077971,-0.5662393426077971,-0.5662393426077971,attitude_2025-06-16.csv,predicted
2025-06-21 12:15:42+00:00,0.2320590289525298,-0.5615895912739151,-0.5615895912739151,-0.5615895912739151,attitude_2025-06-16.csv,predicted
2025-06-21 12:45:56+00:00,0.2503477206210155,-0.5589651207901564,-0.5589651207901564,-0.5589651207901564,exported_actuals.csv,predicted
2025-06-21 13:16:10+00:00,0.2685475038553522,-0.556142139556984,-0.556142139556984,-0.556142139556984,attitude_2025-06-16.csv,predicted
2025-06-21 13:46:24+00:00,0.286651915188544,-0.5531216501273295,-0.5531216501273295,-0.5531216501273295,attitude_2025-06-16.csv,predicted
2025-06-21 14:16:38+00:00,0.3046545250239522,-0.5499047251971412,-0.5499047251971412,-0.5499047251971412,attitude_2025-06-16.csv,predicted
2025-06-21 14:46:52+00:00,0.3225489399187017,-0.5464925072244272,-0.5464925072244272,-0.5464925072244272,attitude_2025-06-16.csv,predicted
2025-06-21 16:47:48+00:00,0.3929181733784118,-0.5309159723311441,-0.5309159723311441,-0.5309159723311441,attitude_2025-06-16.csv,predicted
2025-06-21 17:18:02+00:00,0.9687765348025408,-0.1431456433333799,-0.1431456433333799,-0.1431456433333799,exported_actuals.csv,predicted
2025-06-21 17:48:16+00:00,0.4272904273271832,-0.5219907057648164,-0.5219907057648164,-0.5219907057648164,exported_actuals.csv,predicted
2025-06-21 18:18:30+00:00,0.9774311853241632,-0.1219675885304522,-0.1219675885304522,-0.1219675885304522,exported_actuals.csv,predicted
2025-06-21 18:48:44+00:00,0.461055743856088,-0.5123239863788374,-0.5123239863788374,-0.5123239863788374,attitude_2025-06-16.csv,predicted
2025-06-21 19:18:58+00:00,0.4776957771121591,-0.5072168321764077,-0.5072168321764077,-0.5072168321764077,exported_actuals.csv,predicted
2025-06-21 20:19:26+00:00,0.5104610480175953,-0.4964640028766028,-0.4964640028766028,-0.4964640028766028,attitude_2025-06-16.csv,predicted
2025-06-21 20:49:40+00:00,0.5265746494158952,-0.4908221465366475,-0.4908221465366475,-0.4908221465366475,attitude_2025-06-16.csv,predicted
2025-06-21 21:19:54+00:00,0.5425012432096236,-0.4850059797280898,-0.4850059797280898,-0.4850059797280898,attitude_2025-06-16.csv,predicted
2025-06-21 21:50:08+00:00,0.9967261640723064,-0.0466795953056774,-0.0466795953056774,-0.0466795953056774,exported_actuals.csv,predicted
2025-06-21 22:50:36+00:00,0.5891027613906756,-0.4665325771125673,-0.4665325771125673,-0.4665325771125673,attitude_2025-06-16.csv,predicted
2025-06-21 23:51:04+00:00,0.6191335685519885,-0.4533849079579366,-0.4533849079579366,-0.4533849079579366,attitude_2025-06-16.csv,predicted
